customerID,Actual_Churn,Churn_Probability,Predicted_Churn,Risk_Level
4376-KFVRS,0,0.045919926416406444,0,Low
2754-SDJRD,0,0.683713445799811,1,Medium
9917-KWRBE,0,0.058939850111073694,0,Low
0365-GXEZS,0,0.40183529213534225,1,Medium
9385-NXKDA,0,0.021424257617121856,0,Low
4686-UXDML,0,0.6029780267013777,1,Medium
2227-JRSJX,0,0.4476289777489379,1,Medium
4830-FAXFM,0,0.13033553673233692,0,Low
1830-IPXVJ,0,0.002803554511961355,0,Low
4690-LLKUA,1,0.3947387415335291,0,Medium
5804-HYIEZ,0,0.26917441773023537,0,Low
2388-LAESQ,0,0.06229858336268446,0,Low
5533-RJFTJ,0,0.12910400127666882,0,Low
4706-AXVKM,1,0.6857755540347622,1,Medium
0997-YTLNY,0,0.12916234128270826,0,Low
7971-HLVXI,0,0.057786874929941626,0,Low
7337-CINUD,0,0.03232226947554234,0,Low
1379-FRVEB,0,0.6368147089366719,1,Medium
4753-PADAS,0,0.18043339555094015,0,Low
5701-GUXDC,0,0.084904578186174,0,Low
7235-NXZCP,1,0.7246374739562631,1,High
0668-OGMHD,0,0.2668254411275247,0,Low
2812-REYAT,0,0.016644109783292938,0,Low
8779-YIQQA,0,0.036472401694387306,0,Low
9701-CDXHR,0,0.1811262294952933,0,Low
7130-CTCUS,0,0.21047246013315765,0,Low
1894-IGFSG,1,0.5726055615672799,1,Medium
0871-URUWO,1,0.6927425806114742,1,Medium
0057-QBUQH,0,0.018582442016572026,0,Low
9611-CTWIH,1,0.775687689868108,1,High
8058-DMYRU,0,0.44417171510467623,1,Medium
5351-QESIO,0,0.4381075118239922,1,Medium
4302-ZYFEL,0,0.00533354020308283,0,Low
6134-KWTBV,0,0.004805566349503898,0,Low
2034-GDRCN,1,0.7783783460798,1,High
9544-PYPSJ,0,0.2546012712354256,0,Low
4208-UFFGW,1,0.3773700624471664,0,Medium
9537-JALFH,0,0.0019732866915981107,0,Low
4415-IJZTP,1,0.7595044514959328,1,High
4701-MLJPN,1,0.18457070163722167,0,Low
7515-LODFU,0,0.0026902754812311394,0,Low
4927-WWOOZ,0,0.7865954948406175,1,High
4067-HLYQI,0,0.348196221557381,0,Medium
6184-DYUOB,0,0.2419973901005094,0,Low
9209-NWPGU,0,0.04121115502229549,0,Low
9851-KIELU,1,0.5150041780463317,1,Medium
3199-XGZCY,0,0.7099373349591616,1,High
4226-KKDON,0,0.3687209367864076,0,Medium
1085-LDWAM,0,0.005288748606219357,0,Low
6825-UYPFK,1,0.41158192464625126,1,Medium
1767-CJKBA,0,0.004346041182555534,0,Low
7181-BQYBV,1,0.7248444934387606,1,High
0178-CIIKR,0,0.176508935033406,0,Low
4256-ZWTZI,0,0.2650354107793204,0,Low
9537-VHDTA,0,0.21483595867649585,0,Low
2754-XBHTB,1,0.6169123734610418,1,Medium
5975-BAICR,0,0.06022695335999463,0,Low
3301-VKTGC,0,0.05471427340684333,0,Low
2877-VDUER,0,0.07145289731584087,0,Low
7717-BICXI,0,0.0032053385873949012,0,Low
0562-FGDCR,0,0.00654957135633717,0,Low
3705-PSNGL,1,0.02948681131639365,0,Low
0048-LUMLS,0,0.18322234666265963,0,Low
6497-TILVL,0,0.18203115061580846,0,Low
2108-YKQTY,1,0.2591566606784492,0,Low
3658-KIBGF,1,0.36703625763224806,0,Medium
5482-NUPNA,1,0.20705308119504282,0,Low
7410-KTVFV,1,0.285478844306507,0,Low
9033-EOXWV,1,0.20906688144322405,0,Low
8821-XNHVZ,1,0.6368249646562896,1,Medium
8224-KDLKN,0,0.0024582703070227365,0,Low
4825-FUREZ,0,0.012529453926522282,0,Low
7534-BFESC,1,0.6208074639059593,1,Medium
9138-EFSMO,0,0.20362557324893998,0,Low
4227-OJHAL,0,0.026902701314354464,0,Low
7279-NMVJC,0,0.048740217995696535,0,Low
8591-TKMZH,0,0.061990091392883244,0,Low
9283-LZQOH,1,0.5345964405645495,1,Medium
3594-IVHJZ,0,0.24405555501407264,0,Low
1945-XISKS,0,0.0028743728993510026,0,Low
4359-INNWN,0,0.047476871871595425,0,Low
7649-SIJJF,0,0.012520045599028232,0,Low
9254-RBFON,1,0.23293008510720603,0,Low
0970-ETWGE,1,0.7903987266051249,1,High
7762-ONLJY,0,0.0700375178495699,0,Low
6710-HSJRD,0,0.38577577244335415,0,Medium
8873-GLDMH,0,0.662348831295904,1,Medium
9907-SWKKF,1,0.5199812915463586,1,Medium
4658-HCOHW,1,0.498632466779422,1,Medium
9330-VOFSZ,0,0.09465753000894474,0,Low
2860-RANUS,1,0.6208603835209764,1,Medium
6234-PFPXL,0,0.31691046151502117,0,Medium
7205-BAIAD,0,0.013027208527335209,0,Low
3858-VOBET,1,0.6038713610641258,1,Medium
5103-MHMHY,1,0.29585088971111834,0,Low
6119-SPUDB,0,0.01623751490350319,0,Low
9389-ACWBI,0,0.4310047771650991,1,Medium
3454-JFUBC,0,0.004164042985002821,0,Low
1768-ZAIFU,1,0.681105999045066,1,Medium
7017-VFULY,0,0.17519638742825433,0,Low
9221-OTIVJ,1,0.7657802911990969,1,High
2482-CZGBB,1,0.6392030661855456,1,Medium
7018-WBJNK,0,0.5263179529198744,1,Medium
3331-HQDTW,1,0.44173336257382656,1,Medium
4695-VADHF,1,0.2861368057205417,0,Low
4086-WITJG,0,0.0017165409012452053,0,Low
6297-NOOPG,0,0.11003081366322295,0,Low
8777-PVYGU,0,0.04793646074583383,0,Low
4378-MYPGO,0,0.04567474977905508,0,Low
9313-CDOGY,0,0.045638151085553046,0,Low
4121-AGSIN,0,0.012638925804273888,0,Low
0432-CAJZV,0,0.6353903766327522,1,Medium
9097-ZUBYC,0,0.17796830568493816,0,Low
9638-JIQYA,0,0.5459505026889652,1,Medium
1024-GUALD,1,0.6552767748212532,1,Medium
8024-XNAFQ,0,0.0416937510839906,0,Low
7587-RZNME,1,0.5066875761785915,1,Medium
1346-UFHAX,0,0.47832057556933794,1,Medium
6374-NTQLP,0,0.03781001324752293,0,Low
6625-FLENO,0,0.00439295345967942,0,Low
7375-WMVMT,0,0.041561122265105395,0,Low
6910-HADCM,1,0.6026547925978947,1,Medium
7401-JIXNM,0,0.015271234000968942,0,Low
7338-ERIVA,0,0.040903793938421765,0,Low
5376-DEQCP,1,0.6988021873778859,1,Medium
0909-SELIE,0,0.016075208266280398,0,Low
5419-KLXBN,1,0.3940594607703886,0,Medium
0365-TRTPY,0,0.206139516913501,0,Low
6712-OAWRH,1,0.661372197812066,1,Medium
2428-ZMCTB,0,0.12567818796558317,0,Low
1963-VAUKV,1,0.1891583184163971,0,Low
9381-NDKME,1,0.3952414294643572,0,Medium
3729-OWRVL,0,0.1140316663180561,0,Low
0895-LMRSF,0,0.2056932728304728,0,Low
2676-SSLTO,0,0.03645408011161144,0,Low
8495-PRWFH,0,0.18573232771595713,0,Low
9030-QGZNL,0,0.04113504187485722,0,Low
9972-NKTFD,0,0.09242772469917207,0,Low
7998-WNZEM,0,0.00804166379161323,0,Low
0979-PHULV,1,0.2907144657482478,0,Low
6445-TNRXS,0,0.04930145293469498,0,Low
9586-JGQKH,0,0.0870021304832692,0,Low
3966-HRMZA,0,0.5508654424611483,1,Medium
5498-IBWPI,0,0.014788145723726009,0,Low
6823-SIDFQ,0,0.03051404587817494,0,Low
2323-ARSVR,0,0.060744296826077994,0,Low
5468-BPMMO,0,0.03932090823084764,0,Low
0486-HECZI,1,0.312815259157095,0,Medium
2178-PMGCJ,0,0.4576511471477612,1,Medium
4660-IRIBM,0,0.4072309846092385,1,Medium
9674-EHPPG,0,0.014663065130023778,0,Low
5606-AMZBO,0,0.5153096468774019,1,Medium
0665-XHDJU,0,0.13660511532691882,0,Low
5402-HTOTQ,0,0.31718769253439105,0,Medium
8258-GSTJK,1,0.769095777268893,1,High
3787-TRIAL,0,0.3823852204311652,0,Medium
6175-IRFIT,0,0.5785251546882997,1,Medium
6317-YPKDH,1,0.42185180159733404,1,Medium
5692-FPTAH,1,0.43483713046135486,1,Medium
5373-SFODM,1,0.5144072147270451,1,Medium
0868-VJRDR,0,0.04367768004304944,0,Low
4079-VTGLK,0,0.14393228719725962,0,Low
1166-PQLGG,0,0.0017103132308983703,0,Low
5296-BFCYD,0,0.008964739433253316,0,Low
6568-POCUI,0,0.1091903988820164,0,Low
2839-RFSQE,1,0.18134201660222737,0,Low
2188-SXWVT,0,0.03950495527597931,0,Low
8849-GYOKR,1,0.13355343308731277,0,Low
3623-FQBOX,0,0.12093134169348167,0,Low
2649-HWLYB,0,0.010964412381412684,0,Low
0599-XNYDO,0,0.4667608541035633,1,Medium
2514-GINMM,1,0.7513870332320964,1,High
8401-EMUWF,0,0.12060220311187358,0,Low
5766-ZJYBB,1,0.19554556882241791,0,Low
2604-IJPDU,0,0.387004969296087,0,Medium
2501-XWWTZ,0,0.5373325135378015,1,Medium
6370-ZVHDV,0,0.005010300839875741,0,Low
3027-YNWZU,0,0.004235582904127946,0,Low
4526-ZJJTM,0,0.39288837354162087,0,Medium
0440-QEXBZ,0,0.15711295888414312,0,Low
0330-IVZHA,1,0.5888174652956649,1,Medium
9758-MFWGD,0,0.040636526797367276,0,Low
4229-CZMLL,1,0.7312337046003176,1,High
0742-MOABM,1,0.25296410011411485,0,Low
4277-BWBML,0,0.0016777983377973262,0,Low
5136-GFPMB,0,0.2660056932539744,0,Low
7520-HQWJU,0,0.038626689871554695,0,Low
6304-IJFSQ,1,0.3792771541944113,0,Medium
0297-RBCSG,0,0.1197502776317269,0,Low
6013-BHCAW,0,0.02960646792942515,0,Low
4402-FTBXC,0,0.15706406769698952,0,Low
1471-GIQKQ,0,0.37900120912742385,0,Medium
4283-FUTGF,1,0.6630668364733607,1,Medium
9548-LERKT,0,0.021276352607747347,0,Low
8059-UDZFY,0,0.5126950334736422,1,Medium
0410-IPFTY,0,0.40843834859520517,1,Medium
2478-EEWWM,0,0.22539049724893348,0,Low
4619-EVPHY,0,0.4497169607905612,1,Medium
2277-DJJDL,0,0.4472001572145733,1,Medium
2911-WDXMV,0,0.48000464711023283,1,Medium
3639-XJHKQ,0,0.19002428217333048,0,Low
8173-RXAYP,0,0.01664264076045488,0,Low
4537-CIBHB,0,0.061102565810462604,0,Low
5442-BXVND,0,0.05371583626636702,0,Low
2308-STERM,0,0.18580949958269946,0,Low
7159-NOKYQ,0,0.11527371772179235,0,Low
6075-QMNRR,0,0.05877915870141852,0,Low
3694-GLTJM,0,0.204407691797868,0,Low
9629-NHXFW,0,0.21988962574318152,0,Low
7167-PCEYD,0,0.00413429648164835,0,Low
2748-MYRVK,1,0.1412012593040785,0,Low
4223-WOZCM,0,0.36927081648184235,0,Medium
6946-LMSQS,1,0.42621542952434893,1,Medium
5469-NUJUR,0,0.037296975475633605,0,Low
6388-TABGU,0,0.010513055458526209,0,Low
1261-FWTTE,0,0.4197069669889384,1,Medium
8590-YFFQO,0,0.0038975735635231857,0,Low
0082-OQIQY,0,0.5294048091672731,1,Medium
9465-RWMXL,1,0.5338451665129875,1,Medium
2930-UOTMB,1,0.08586430357163587,0,Low
9128-CPXKI,0,0.10438807484404981,0,Low
0484-FFVBJ,0,0.15539726168460724,0,Low
1100-DDVRV,0,0.49635912864160125,1,Medium
9313-QOLTZ,0,0.06874268434972472,0,Low
3338-CVVEH,0,0.7177364594893586,1,High
1131-SUEKT,0,0.10502702404326755,0,Low
7602-DBTOU,0,0.0023909125075948223,0,Low
1385-TQOZW,0,0.17273314359022612,0,Low
6892-XPFPU,1,0.718876831034546,1,High
4115-NZRKS,0,0.7798880697772774,1,High
5514-YQENT,0,0.08994599160011227,0,Low
6319-IEJWJ,1,0.6310680368354568,1,Medium
8849-AYPTR,0,0.49516609040028486,1,Medium
5893-PYOLZ,0,0.02546143239854626,0,Low
7180-PISOG,1,0.7250302424997359,1,High
8443-ZRDBZ,1,0.7398474517375537,1,High
9079-YEXQJ,1,0.3263654644571058,0,Medium
3780-YVMFA,0,0.42776754282303364,1,Medium
6968-MHOMU,0,0.09049470071685366,0,Low
0899-LIIBW,0,0.5783300192596728,1,Medium
3677-IYRBF,1,0.6629646531798921,1,Medium
8393-DLHGA,1,0.5561182833840899,1,Medium
7691-XVTZH,0,0.0798590071848203,0,Low
5360-LJCNJ,0,0.10070157229420472,0,Low
3891-PUQOD,1,0.41590554122637513,1,Medium
0952-KMEEH,1,0.5468120817061256,1,Medium
4919-IKATY,1,0.5960516899911681,1,Medium
9746-UGFAC,0,0.038572296380479335,0,Low
9108-EQPNQ,0,0.03698205136311693,0,Low
0531-ZZJWQ,0,0.38182513362681886,0,Medium
8763-KIAFH,0,0.03951147296680197,0,Low
5863-OOKCL,0,0.13562104688549487,0,Low
2958-NHPPS,0,0.10412950221010887,0,Low
9530-GRMJG,0,0.03010451185719341,0,Low
1809-DMJHQ,1,0.2627898199606354,0,Low
0164-XAIRP,0,0.02733207939675262,0,Low
2926-JEJJC,0,0.10088351400847455,0,Low
1169-WCVAK,0,0.32470144652718735,0,Medium
1217-VASWC,0,0.270366988560881,0,Low
2452-KDRRH,0,0.37278194270193904,0,Medium
6402-EJMWF,0,0.4683743314595102,1,Medium
7663-CUXZB,0,0.07252267931537484,0,Low
4312-KFRXN,0,0.0032567626028145768,0,Low
3011-WQKSZ,0,0.14137664616107964,0,Low
9747-DDZOS,1,0.5219457007474578,1,Medium
2091-MJTFX,1,0.1898118961505568,0,Low
0388-EOPEX,1,0.6047400092197651,1,Medium
3161-ONRWK,0,0.012667941947764598,0,Low
2587-EKXTS,0,0.4662175786517986,1,Medium
9752-ZNQUT,0,0.4760947139505041,1,Medium
9572-WUKSB,0,0.5498092362679718,1,Medium
3836-FZSDJ,0,0.003885781991733286,0,Low
8805-JNRAZ,0,0.3041730430071802,0,Medium
3069-SSVSN,0,0.3134836150543588,0,Medium
8015-IHCGW,0,0.06404077842894065,0,Low
8132-YPVBX,0,0.6019786867562235,1,Medium
0235-KGSLC,1,0.6486726469474959,1,Medium
1302-UHBDD,0,0.619257003051348,1,Medium
3722-WPXTK,1,0.7942303641445154,1,High
7531-GQHME,0,0.11562440395298598,0,Low
1335-NTIUC,0,0.5671434001411262,1,Medium
9367-TCUYN,0,0.12294175299611815,0,Low
1536-HBSWP,0,0.4214026149693825,1,Medium
8573-JGCZW,0,0.07135374022732492,0,Low
2694-CIUMO,0,0.5015189993514907,1,Medium
2027-FECZV,1,0.743167184405591,1,High
9103-TCIHJ,1,0.2843458704428845,0,Low
1545-JFUML,0,0.07322682724215587,0,Low
0524-IAVZO,1,0.6214817403516287,1,Medium
5519-TEEUH,0,0.030311372277181097,0,Low
6654-QGBZZ,0,0.19065093846184133,0,Low
2294-DMMUS,0,0.12303517136456,0,Low
0017-IUDMW,0,0.04260412991622333,0,Low
5018-LXQQG,0,0.07232928625978838,0,Low
5808-TOTXO,0,0.09898367858611458,0,Low
1174-FGIFN,0,0.3231174428472431,0,Medium
0730-KOAVE,0,0.3792270122437623,0,Medium
1218-VKFPE,1,0.10498316770761221,0,Low
5313-FPXWG,0,0.021786962484752245,0,Low
2834-JKOOW,0,0.08590946629121406,0,Low
9430-NKQLY,0,0.003498897149001813,0,Low
0363-QJVFX,1,0.36539151423273514,0,Medium
1658-TJVOA,0,0.6044382163054242,1,Medium
6685-GBWJZ,0,0.013323171263227957,0,Low
6328-ZPBGN,1,0.7392472702628897,1,High
4003-FUSHP,0,0.23205753790367908,0,Low
7690-KPNCU,0,0.03354509303900542,0,Low
2969-WGHQO,0,0.13676297115827793,0,Low
1855-CFULU,0,0.19141175072528713,0,Low
9788-YTFGE,0,0.2091153762185971,0,Low
8266-VBFQL,0,0.6423236104388597,1,Medium
2325-NBPZG,0,0.5921841172862224,1,Medium
9906-NHHVC,0,0.03969970972660202,0,Low
2541-YGPKE,0,0.025902770480749935,0,Low
5049-MUBWG,0,0.07007090298944482,0,Low
2332-TODQS,0,0.01624259153937576,0,Low
4419-UJMUS,0,0.09896747613665434,0,Low
2233-TXSIU,0,0.12744860416786968,0,Low
6770-XUAGN,1,0.27141517767192036,0,Low
2919-HBCJO,1,0.5413384538360311,1,Medium
9508-ILZDG,0,0.49148285965368677,1,Medium
5442-BHQNG,0,0.6081579421372931,1,Medium
7250-EQKIY,1,0.29406017794889344,0,Low
6838-HVLXG,0,0.12310438929415812,0,Low
9767-FFLEM,0,0.30574645019632457,0,Medium
2245-ADZFJ,0,0.04445047032233205,0,Low
1150-WFARN,1,0.051034039989014984,0,Low
9054-FOWNV,0,0.6258814567699496,1,Medium
7997-EASSD,0,0.08489807600968564,0,Low
7560-QJAVJ,0,0.009183314568781248,0,Low
2668-TZSPS,0,0.19236028989894516,0,Low
9139-WQQDY,1,0.1811224866260248,0,Low
6726-NNFWD,0,0.03918637541630348,0,Low
9330-DHBFL,0,0.04829921482987844,0,Low
5727-MYATE,0,0.012776702165191578,0,Low
2824-DXNKN,0,0.012854545109108263,0,Low
6166-ILMNY,1,0.5171441180086029,1,Medium
5236-XMZJY,0,0.05465316530894667,0,Low
1709-EJDOX,0,0.005820436121384419,0,Low
4962-CHQPW,0,0.025054799799913423,0,Low
0301-FIDRB,0,0.011852964678648721,0,Low
1820-TQVEV,1,0.7075859495982413,1,High
9115-YQHGA,0,0.13770010344146486,0,Low
1541-ETJZO,1,0.31638876955337447,0,Medium
6230-BSUXY,1,0.7652196314656685,1,High
6797-LNAQX,1,0.05741046774812775,0,Low
9588-YRFHY,0,0.00870596985946919,0,Low
1092-GANHU,1,0.5686510473963248,1,Medium
5951-AOFIH,0,0.18497429968839244,0,Low
7029-RPUAV,1,0.7006005573472049,1,High
4700-UBQMV,0,0.1679205773109419,0,Low
3594-UVONA,1,0.0984952920993622,0,Low
7750-EYXWZ,0,0.26495323163051443,0,Low
7054-ENNGU,0,0.2473962496192236,0,Low
0402-OAMEN,0,0.0024147093037508458,0,Low
2195-VVRJF,0,0.26884406271168454,0,Low
8819-ZBYNA,0,0.07136975877956865,0,Low
7748-UMTRK,0,0.5739446487013606,1,Medium
1741-WTPON,0,0.04893894758020107,0,Low
7209-JCUDS,1,0.7399473446970543,1,High
2485-ITVKB,1,0.693280381505519,1,Medium
9648-BCHKM,0,0.038756201520661025,0,Low
0743-HRVFF,0,0.10247595645687058,0,Low
2522-AHJXR,0,0.2527791048575522,0,Low
9143-CANJF,0,0.09977852559853828,0,Low
1444-VVSGW,1,0.07082261139041707,0,Low
6898-MDLZW,0,0.23426651837153648,0,Low
0074-HDKDG,0,0.06016280780689519,0,Low
3982-JGSFD,0,0.029325961910024418,0,Low
7928-VJYAB,0,0.6082059398140272,1,Medium
1522-VVDMG,1,0.5402084211472206,1,Medium
2665-NPTGL,0,0.6572402435308097,1,Medium
8728-SKJLR,0,0.30509883650363,0,Medium
7733-UDMTP,0,0.2382854334478602,0,Low
0431-APWVY,1,0.3128825018472056,0,Medium
5081-NWSUP,0,0.12203334184534045,0,Low
2746-DIJLO,0,0.0771675890345388,0,Low
7277-OZCGZ,0,0.4117722319555186,1,Medium
5236-PERKL,1,0.09710775835368536,0,Low
2788-CJQAQ,0,0.06450492709741083,0,Low
3096-WPXBT,0,0.0920484644588872,0,Low
9962-BFPDU,0,0.16099788955780567,0,Low
2892-GESUL,0,0.02190879296461708,0,Low
9741-YLNTD,0,0.625232362802578,1,Medium
1205-WNWPJ,1,0.34954148588298606,0,Medium
3173-NVMPX,0,0.34112542785527045,0,Medium
9661-MHUMO,1,0.32031289815087316,0,Medium
6000-APYLU,1,0.694443995604868,1,Medium
0048-PIHNL,0,0.011386290767861748,0,Low
9420-LOJKX,1,0.4738953633427316,1,Medium
7061-OVMIM,0,0.022646389050637813,0,Low
5671-RQRLP,0,0.05977217849067899,0,Low
5129-JLPIS,0,0.46268074047008656,1,Medium
5170-PTRKA,0,0.027650892473385803,0,Low
4819-HJPIW,0,0.30814621831606914,0,Medium
8780-RSYYU,0,0.0936069134477864,0,Low
2335-GSODA,0,0.03239958941006693,0,Low
5696-CEIQJ,0,0.034399593171568967,0,Low
6169-PPETC,0,0.009584348360439367,0,Low
4237-RLAQD,1,0.43802982703866705,1,Medium
7359-WWYJV,0,0.03867565089935162,0,Low
8620-RJPZN,0,0.24023219578932573,0,Low
7426-WEIJX,0,0.2255059966845071,0,Low
7629-WIXZF,0,0.2560406867945698,0,Low
2616-FLVQC,0,0.0032870938797156064,0,Low
9163-GHAYE,0,0.2636243308879993,0,Low
4464-JCOLN,1,0.08499266682344989,0,Low
2971-SGAFL,0,0.48730467915077086,1,Medium
4735-ASGMA,1,0.7084799343942959,1,High
5245-VDBUR,0,0.03303785584622554,0,Low
1493-AMTIE,1,0.2437744702400681,0,Low
1112-CUNAO,1,0.6358212841856269,1,Medium
7571-YXDAD,1,0.5802982229694934,1,Medium
8714-EUHJO,1,0.5268319059401605,1,Medium
9040-KZVWO,0,0.1686272231280221,0,Low
6713-OKOMC,0,0.29327984630961595,0,Low
8749-CLJXC,0,0.19356904570680453,0,Low
4713-LZDRV,1,0.7692106555711778,1,High
6598-RFFVI,1,0.0938554964187013,0,Low
7470-MCQTK,1,0.5515713098299607,1,Medium
5524-KHNJP,0,0.06266999379607095,0,Low
1707-HABPF,0,0.18773545768518182,0,Low
4581-LNWUM,0,0.54853158975417,1,Medium
9710-ZUSHQ,1,0.4488702488687069,1,Medium
1697-LYYYX,0,0.0052460116260193935,0,Low
4013-GUXND,0,0.19130735286629674,0,Low
5022-JNQEQ,0,0.4962852686392837,1,Medium
4983-CCWMC,0,0.6231315728587621,1,Medium
6345-FZOQH,0,0.0026568059805020102,0,Low
0962-CQPWQ,0,0.002700612221853563,0,Low
5495-GPSRW,0,0.03604378537098756,0,Low
2252-JHJGE,0,0.18068290652084562,0,Low
7356-AYNJP,0,0.158499546973513,0,Low
2019-HDCZY,0,0.128896530091731,0,Low
8582-KRHPJ,0,0.08552329106301924,0,Low
2867-UIMSS,1,0.6716443904844216,1,Medium
3487-EARAT,0,0.00874254356180125,0,Low
9926-PJHDQ,0,0.026630241707441066,0,Low
0289-IVARM,0,0.09481262926998174,0,Low
4672-FOTSD,0,0.26127248357637595,0,Low
6198-PNNSZ,0,0.13053972619164356,0,Low
7603-USHJS,1,0.5439617539042257,1,Medium
6784-XYJAE,0,0.10572944780514526,0,Low
3858-XHYJO,0,0.20442000430768006,0,Low
1087-UDSIH,1,0.23848631015538388,0,Low
7251-LJBQN,0,0.3075879483000068,0,Medium
3200-MNQTF,0,0.006141393201930857,0,Low
9359-UGBTK,0,0.01957666613427081,0,Low
8160-HOWOX,0,0.5617317668293133,1,Medium
0258-NOKBL,0,0.6082823116761086,1,Medium
2800-QQUSO,0,0.5241388255438194,1,Medium
2129-ALKBS,0,0.07919633726615796,0,Low
9972-VAFJJ,0,0.17164991189074083,0,Low
4693-VWVBO,0,0.22763663337726145,0,Low
6969-MVBAI,0,0.7733211111830351,1,High
4821-WQOYN,0,0.0023089126040756174,0,Low
6769-DYBQN,1,0.2801740425820824,0,Low
4018-PPNDW,0,0.006401089272432274,0,Low
6288-CHQJB,0,0.009064515509216239,0,Low
4905-JEFDW,1,0.41991767543734404,1,Medium
0559-CKHUS,0,0.02362849951524488,0,Low
2659-VXMWZ,1,0.16650537439705754,0,Low
6559-RAKOZ,0,0.2773054034934856,0,Low
8809-XKHMD,0,0.03693451707013663,0,Low
6365-HITVU,0,0.006559703511908681,0,Low
0134-XWXCE,0,0.0644161388716591,0,Low
9720-JJJOR,0,0.03454613003841,0,Low
2782-LFZVW,0,0.4727985370860533,1,Medium
6112-KTHFQ,0,0.16584934306023535,0,Low
9220-ZNKJI,0,0.049821622695229134,0,Low
9820-RMCQV,1,0.1780204173060134,0,Low
9013-AQORL,0,0.08995459471143752,0,Low
2040-OBMLJ,0,0.1559822897686072,0,Low
5574-NXZIU,0,0.0333921134602077,0,Low
5446-DKWYW,0,0.08366695628275637,0,Low
0480-KYJVA,0,0.002399236307496928,0,Low
1074-AMIOH,0,0.22538704842966098,0,Low
0015-UOCOJ,0,0.39475419363345643,0,Medium
0256-LTHVJ,1,0.4939716404066331,1,Medium
4547-LYTDD,1,0.5768986481311733,1,Medium
1077-HUUJM,0,0.5981615759508716,1,Medium
2041-JIJCI,0,0.5678648313788605,1,Medium
1555-HAPSU,0,0.0024711163162518157,0,Low
4323-SADQS,1,0.35420007858657737,0,Medium
3292-PBZEJ,0,0.7051301695604189,1,High
6203-HBZPA,0,0.019935509345946425,0,Low
9755-JHNMN,0,0.008027999779754073,0,Low
7369-TRPFD,0,0.04895849534624255,0,Low
9878-TNQGW,1,0.7405509269898871,1,High
2279-AXJJK,0,0.2671978992678146,0,Low
5016-IBERQ,0,0.4812704811055465,1,Medium
1016-DJTSV,0,0.6868528368242224,1,Medium
8433-WPJTV,0,0.15958338562669347,0,Low
8903-XEBGX,0,0.5081580323009534,1,Medium
2632-TACXW,0,0.004760994982554986,0,Low
7952-OBOYL,0,0.576943502125861,1,Medium
1470-PSXNM,0,0.24437926995719864,0,Low
6227-HWPWX,1,0.35331958445492073,0,Medium
5924-SNGKP,0,0.018746373577730423,0,Low
8818-DOPVL,0,0.5838439886577241,1,Medium
4521-WFJAI,0,0.0090059442583371,0,Low
4724-WXVWF,0,0.3090916898563537,0,Medium
3717-OEAUQ,0,0.5354769704285886,1,Medium
8165-ZJRNM,0,0.0024309616893937983,0,Low
7838-LAZFO,0,0.04923994071580345,0,Low
0513-RBGPE,0,0.02353880095662009,0,Low
7251-XFOIL,0,0.24225088420156152,0,Low
2525-GVKQU,0,0.003733523717361231,0,Low
7579-OOPEC,1,0.31414781235594197,0,Medium
3795-GWTRD,0,0.005604076912352096,0,Low
4750-ZRXIU,1,0.8063023389749064,1,High
5445-PZWGX,1,0.08970286875875778,0,Low
0516-UXRMT,0,0.1156678706144425,0,Low
0727-BNRLG,0,0.0546198993470308,0,Low
3932-CMDTD,1,0.4787868668857727,1,Medium
1264-FUHCX,0,0.08106982917561445,0,Low
6194-HBGQN,0,0.04009085166835839,0,Low
4524-QCSSM,0,0.24313060256608418,0,Low
4570-QHXHL,0,0.4391613435581916,1,Medium
2972-YDYUW,0,0.13445317786267197,0,Low
2061-VVFST,0,0.04110078319220261,0,Low
6874-SGLHU,0,0.3137352317209398,0,Medium
9844-FELAJ,0,0.17851772800224294,0,Low
1902-XBTFB,1,0.5108738253957602,1,Medium
9039-RBEEE,1,0.1169581828871496,0,Low
9369-XFEHK,1,0.4253600455199797,1,Medium
3680-CTHUH,0,0.1250328635476131,0,Low
3679-XASPY,0,0.20927913682966853,0,Low
9089-UOWJG,0,0.32158390539133397,0,Medium
1574-DYCWE,0,0.0048186171347634555,0,Low
9779-DPNEJ,0,0.549338502733145,1,Medium
2967-MXRAV,0,0.09041489135729742,0,Low
0327-WFZSY,0,0.3149787917463322,0,Medium
1731-TVIUK,1,0.6788388021002217,1,Medium
7666-WKRON,1,0.10537884163949798,0,Low
3865-ZYKAD,0,0.13881342303993482,0,Low
1465-LNTLJ,0,0.3576088193036071,0,Medium
2696-RZVZW,0,0.003563054217305475,0,Low
0685-MLYYM,1,0.6410653136744261,1,Medium
2778-OCLGR,1,0.2509701100112986,0,Low
3982-XWFZQ,1,0.22547042024986153,0,Low
4759-PXTAN,0,0.0882214532813256,0,Low
1448-PWKYE,1,0.6278978481253091,1,Medium
8741-LQOBK,0,0.05346499052028482,0,Low
8650-RHRKE,1,0.616655144556339,1,Medium
7266-GSSJX,0,0.1957994597623725,0,Low
1265-HVPZB,0,0.02202660019423495,0,Low
9640-ZSLDC,0,0.0334843358048116,0,Low
0988-JRWWP,0,0.5523861071764488,1,Medium
1926-QUZNN,0,0.0044337411432092,0,Low
9025-ZRPVR,1,0.1971759728945497,0,Low
6527-PZFPV,0,0.0411134536135735,0,Low
7460-ITWWP,0,0.4542509924742337,1,Medium
1530-ZTDOZ,0,0.09012279960396306,0,Low
4785-FCIFB,0,0.005316041536981887,0,Low
9717-QEBGU,0,0.6974717627723146,1,Medium
0876-WDUUZ,1,0.5390513614986744,1,Medium
7881-EVUAD,1,0.5598112012998101,1,Medium
4002-BQWPQ,0,0.12033856667705578,0,Low
6377-WHAOX,0,0.45718993121575513,1,Medium
5027-YOCXN,0,0.09034373336816891,0,Low
8450-JOVAH,1,0.2660990215747927,0,Low
6646-QVXLR,1,0.3162886674882212,0,Medium
0254-KCJGT,0,0.040821258037545126,0,Low
3442-ZHHCC,0,0.03008896460473908,0,Low
9167-APMXZ,0,0.5812860685487066,1,Medium
0616-ATFGB,1,0.6063222133481551,1,Medium
7273-TEFQD,1,0.7036734056919441,1,High
8245-UMPYT,1,0.7829393541080106,1,High
6022-UGGSO,1,0.4409041841729067,1,Medium
6292-TOSSS,0,0.008134207413208054,0,Low
5207-PLSTK,0,0.30267985291826593,0,Medium
3908-BLSYF,1,0.6289571163050004,1,Medium
4317-VTEOA,1,0.4711068144263829,1,Medium
0625-AFOHS,0,0.013128311147330433,0,Low
4667-OHGKG,1,0.26104750039781505,0,Low
2386-OWURY,0,0.3419307395402956,0,Medium
3780-DDGSE,0,0.22762192635661901,0,Low
1047-RNXZV,0,0.008791507853557494,0,Low
3926-YZVVX,0,0.03352195845608023,0,Low
4742-TXUEX,0,0.005380672088368831,0,Low
8709-KRDVL,0,0.6283825909876583,1,Medium
0397-ZXWQF,0,0.002689011038218174,0,Low
3910-MRQOY,0,0.0021583821499454384,0,Low
2511-MORQY,0,0.03767891598218296,0,Low
4039-PIMHX,0,0.020270803377816133,0,Low
8083-YTZES,1,0.743828549199787,1,High
1346-PJWTK,0,0.12065425993197093,0,Low
3750-YHRYO,0,0.0677879084023347,0,Low
1236-WFCDV,1,0.5699445929824695,1,Medium
5949-HGVJL,0,0.30334776486569315,0,Medium
9112-WSNPU,0,0.3606460476481617,0,Medium
1360-JYXKQ,0,0.2507625656166518,0,Low
3585-ISXZP,1,0.6496831802609678,1,Medium
8380-PEFPE,1,0.6503363181999877,1,Medium
9402-ROUMJ,0,0.06930454854489644,0,Low
4335-UPJSI,0,0.016470711237698176,0,Low
6096-EGVTU,0,0.007246497388694504,0,Low
8988-ECPJR,1,0.3855314941838337,0,Medium
7677-SJJJK,0,0.059584835899309505,0,Low
5850-BDWCY,0,0.15667077077326413,0,Low
2025-JKFWI,1,0.6477963164931991,1,Medium
8028-PNXHQ,0,0.005589436929287626,0,Low
8397-MVTAZ,1,0.6665013077851398,1,Medium
4445-ZJNMU,0,0.6925367075443748,1,Medium
3125-RAHBV,0,0.03888066721716441,0,Low
6682-QJDGB,1,0.07120198381738307,0,Low
8840-DQLGN,1,0.3211448376347598,0,Medium
6258-NGCNG,0,0.2007129422908951,0,Low
5917-RYRMG,0,0.02828569013414192,0,Low
7157-SMCFK,0,0.0029750249591938512,0,Low
0816-TSPHQ,0,0.18448696416756846,0,Low
6766-HFKLA,0,0.08491503932163161,0,Low
7067-KSAZT,1,0.2984028477743277,0,Low
5155-AZQPB,0,0.16777806753210595,0,Low
6890-PFRQX,0,0.23985625356087845,0,Low
3508-VLHCZ,0,0.01273991286043231,0,Low
3649-JPUGY,0,0.022034726646384315,0,Low
9248-OJYKK,1,0.7821838556488456,1,High
7239-HZZCX,1,0.19447939475163054,0,Low
9860-LISIZ,0,0.047873298093193246,0,Low
6979-ZNSFF,1,0.7544270302706384,1,High
8938-UMKPI,1,0.5415611466318161,1,Medium
1820-DJFPH,0,0.0035262360350856573,0,Low
0732-OCQOC,0,0.008636149458386155,0,Low
6776-TLWOI,1,0.18020441733216847,0,Low
4940-KHCWD,0,0.007393746004370315,0,Low
9057-SIHCH,1,0.8170418711563049,1,High
9866-QEVEE,1,0.5986379677155299,1,Medium
5542-TBBWB,0,0.7061787168448727,1,High
4587-VVTOX,1,0.7736347765409537,1,High
6322-HRPFA,0,0.025327208109377705,0,Low
6284-AHOOQ,1,0.5282339337772993,1,Medium
4530-NDRKU,0,0.02719076963730629,0,Low
1751-NCDLI,0,0.6228310494495566,1,Medium
3893-JRNFS,0,0.0878951042685445,0,Low
5857-XRECV,0,0.0755301310517351,0,Low
3115-CZMZD,0,0.04897001116224863,0,Low
4489-SNOJF,1,0.12488952871541896,0,Low
1051-GEJLJ,0,0.18432446622500834,0,Low
3563-SVYLG,0,0.0034945111610336487,0,Low
4301-VVZKA,0,0.6612341189901546,1,Medium
9351-HXDMR,0,0.06170506629083114,0,Low
5161-XEUVX,0,0.11029054043881101,0,Low
3088-FVYWK,0,0.005669665571548133,0,Low
9812-GHVRI,0,0.3644720812514941,0,Medium
1370-GGAWX,0,0.303638793449425,0,Medium
6023-YEBUP,1,0.817586408008494,1,High
9940-RHLFB,1,0.6075234910763364,1,Medium
4541-RMRLG,1,0.19991964799443554,0,Low
2606-RMDHZ,1,0.4565188420522177,1,Medium
5575-TPIZQ,0,0.3182524917163545,0,Medium
9378-FXTIZ,1,0.10270694808348692,0,Low
4631-OACRM,1,0.6878698596306021,1,Medium
8593-WHYHV,1,0.7888969556652152,1,High
1403-GYAFU,0,0.0018192809789495592,0,Low
7641-TQFHN,0,0.10953533829257107,0,Low
4237-CLSMM,0,0.18959065606134046,0,Low
4360-PNRQB,0,0.5514630107562917,1,Medium
5334-AFQJB,0,0.004940733103436032,0,Low
9308-ANMVE,0,0.07609491917888474,0,Low
3530-VWVGU,0,0.06702125879741344,0,Low
4674-HGNUA,0,0.009600486379364219,0,Low
3030-YDNRM,0,0.7157849358282442,1,High
3642-BYHDO,0,0.0017568265499609535,0,Low
0440-UEDAI,0,0.10730109914325343,0,Low
9819-FBNSV,0,0.3448824690938622,0,Medium
9289-LBQVU,0,0.041103966185792803,0,Low
4468-YDOVK,0,0.26147158619862976,0,Low
2001-EWBQU,0,0.12863553447588183,0,Low
9992-UJOEL,0,0.3874430663980082,0,Medium
8409-WQJUX,0,0.2111794652997395,0,Low
3077-RSNTJ,0,0.13262978265300823,0,Low
6993-YCOBK,0,0.09103770134597558,0,Low
4817-VYYWS,1,0.6446659247517785,1,Medium
4702-HDRKD,0,0.025096958946862112,0,Low
3251-YMVWZ,0,0.013931989774550395,0,Low
4190-MFLUW,1,0.1548629535643567,0,Low
4678-DVQEO,1,0.41056039263295674,1,Medium
4701-AHWMW,1,0.1466881066362888,0,Low
2987-BJXIK,0,0.017419920684007828,0,Low
1730-VFMWO,0,0.08847857748670315,0,Low
1936-UAFEH,0,0.036120677983939364,0,Low
5140-FOMCQ,0,0.16969759682752433,0,Low
8778-LMWTJ,0,0.5428044470670151,1,Medium
9840-DVNDC,1,0.6244713953854271,1,Medium
8033-VCZGH,0,0.3053671538358864,0,Medium
8580-QVLOC,1,0.009769669604415002,0,Low
6128-AQBMT,0,0.38055443344421863,0,Medium
6257-RJOHI,0,0.3228747826309679,0,Medium
1929-ZCBHE,0,0.03159348431221516,0,Low
6242-SGYTS,0,0.08963371418802953,0,Low
7010-ZMVBF,0,0.07946729561216055,0,Low
3519-ZKXGG,1,0.7472909961519603,1,High
5666-MBJPT,0,0.006189310514224372,0,Low
3313-QKNKB,1,0.18627194116144366,0,Low
7581-EBBOU,0,0.030005168773217326,0,Low
1784-BXEFA,0,0.18124232573638585,0,Low
7492-TAFJD,0,0.07822159944750169,0,Low
5213-TWWJU,0,0.379248446286979,0,Medium
3312-ZWLGF,0,0.5205304378064737,1,Medium
2923-ARZLG,0,0.1292517137486973,0,Low
7032-LMBHI,0,0.06795546126425156,0,Low
8292-ITGYJ,0,0.012034433940180889,0,Low
9107-UKCKY,0,0.11688087953781148,0,Low
6848-HJTXY,0,0.0029483686061932486,0,Low
4184-VODJZ,0,0.172937362121064,0,Low
4846-WHAFZ,1,0.5225160275136272,1,Medium
8735-SDUFN,0,0.0035494215920349277,0,Low
0839-JTCUD,0,0.010779052113085157,0,Low
6857-VWJDT,1,0.7087847295987892,1,High
7363-QTBIW,0,0.7012714758179001,1,High
6158-HDPXZ,0,0.48781707360984194,1,Medium
5419-CONWX,1,0.677741258363481,1,Medium
9286-DOJGF,1,0.4220837080251586,1,Medium
2408-PSJVE,0,0.06973317238863037,0,Low
2087-QAREY,0,0.22170897601589146,0,Low
6777-TGHTM,1,0.2045529972577479,0,Low
6507-ZJSUR,0,0.6954052171748505,1,Medium
5025-GOOKI,0,0.11385721204365333,0,Low
6080-LNESI,0,0.008422479709498215,0,Low
2236-HILPA,0,0.002616936839187719,0,Low
1386-ZIKUV,0,0.2117157440437739,0,Low
3365-SAIGS,0,0.5983101608936403,1,Medium
6061-GWWAV,0,0.03431546162170999,0,Low
9979-RGMZT,0,0.4857775331393797,1,Medium
8445-DNBAE,0,0.5351577736180222,1,Medium
6872-HXFNF,0,0.021194211599689587,0,Low
1320-HTRDR,1,0.7431344103990559,1,High
3923-CSIHK,1,0.3281336709104049,0,Medium
2446-ZKVAF,0,0.2238289056470101,0,Low
4640-UHDOS,1,0.3166307622018418,0,Medium
5457-COLHT,0,0.006814957571173598,0,Low
2254-DLXRI,0,0.6611604628057168,1,Medium
5339-PXDVH,0,0.6192762919316851,1,Medium
2386-LAHRK,1,0.504451009089612,1,Medium
5062-CJJKH,0,0.06764531063698287,0,Low
8930-XOTDP,0,0.2219966374039762,0,Low
4779-ZGICK,0,0.00809970509259622,0,Low
9534-NSXEM,0,0.04665789974385725,0,Low
3716-BDVDB,1,0.7093894243794368,1,High
9842-EFSYY,0,0.4572025261704686,1,Medium
9122-UMROB,0,0.19281289818813893,0,Low
1867-BDVFH,1,0.6546102486126804,1,Medium
5949-EBSQK,1,0.23089576542872628,0,Low
4160-AMJTL,1,0.21236665857732837,0,Low
8622-ZLFKO,0,0.7375226674432768,1,High
2990-IAJSV,0,0.01146222437469275,0,Low
6064-ZATLR,0,0.026306827364498915,0,Low
7409-KIUTL,1,0.6804887159361723,1,Medium
5505-OVWQW,0,0.052405484872338384,0,Low
3948-KXDUF,0,0.006436436055402497,0,Low
9814-AOUDH,0,0.004980477438207213,0,Low
7398-LXGYX,0,0.25799744184388634,0,Low
5266-PFRQK,0,0.011634555447311658,0,Low
1568-BEKZM,0,0.014061555912050067,0,Low
2692-PFYTJ,0,0.30930677212292923,0,Medium
2533-QVMSK,1,0.09465955474951618,0,Low
5828-AVIPD,1,0.4509120030729311,1,Medium
2907-ILJBN,0,0.05588659704714701,0,Low
5226-NOZFC,0,0.5271123934214396,1,Medium
7114-AEOZE,0,0.0035481528392944848,0,Low
2202-CUYXZ,1,0.7428096288993081,1,High
3466-RITXD,0,0.4184118457087559,1,Medium
7278-CKDNC,0,0.6019545519988546,1,Medium
1956-YIFGE,0,0.3269987319438968,0,Medium
0422-UXFAP,0,0.36949947480694295,0,Medium
3733-UOCWF,0,0.10154966287569672,0,Low
7191-ADRGF,0,0.05383838207586923,0,Low
5709-LVOEQ,0,0.08552102125260638,0,Low
6034-YMTOB,0,0.5069197000773874,1,Medium
6372-RFVNS,1,0.6783698098259954,1,Medium
9052-DHNKM,0,0.09399205397212879,0,Low
5609-IMCGG,0,0.4621074758406829,1,Medium
2959-MJHIC,1,0.7329580642421551,1,High
1319-YLZJG,0,0.47623523587035393,1,Medium
7623-TRNQN,1,0.30414669384316034,0,Medium
0377-JBKKT,0,0.10328382024706445,0,Low
1936-CZAKF,0,0.04257427130662897,0,Low
5063-IUOKK,0,0.03432268224146846,0,Low
8646-JCOMS,0,0.08052095713755632,0,Low
0979-MOZQI,0,0.021908116820427294,0,Low
1525-LNLOJ,0,0.02361567886053825,0,Low
5759-RCVCB,1,0.491646441216687,1,Medium
9968-FFVVH,0,0.013254219813096787,0,Low
2266-FUBDZ,0,0.025816444290825004,0,Low
4760-THGOT,0,0.399453300626505,0,Medium
2307-FYNNL,0,0.11333363673438344,0,Low
1143-NMNQJ,1,0.7887747794513377,1,High
1629-DQQVB,0,0.16292107287531907,0,Low
3766-EJLFL,0,0.05371056062196972,0,Low
8457-XIGKN,0,0.11486647200932275,0,Low
4981-FLTMF,0,0.02632816587156771,0,Low
7606-BPHHN,0,0.0030021901010460145,0,Low
7005-CCBKV,1,0.6868854241229798,1,Medium
4648-YPBTM,0,0.03003453520447841,0,Low
2325-ZUSFD,1,0.03996605683433898,0,Low
1240-KNSEZ,1,0.258064050559833,0,Low
0430-IHCDJ,0,0.4580444706992156,1,Medium
7957-RYHQD,1,0.2217938137425104,0,Low
6164-HAQTX,0,0.007173133406035428,0,Low
0749-IRGQE,0,0.5862233164944627,1,Medium
1227-UDMZR,0,0.016810757417159428,0,Low
5473-KHBPS,0,0.1612198025783955,0,Low
5297-MDOIR,0,0.0635217963265507,0,Low
8873-TMKGR,0,0.03150883674978561,0,Low
6481-ESCNL,0,0.49978560405458655,1,Medium
0463-WZZKO,0,0.22056886406770018,0,Low
1038-RQOST,0,0.0781038308563895,0,Low
4937-QPZPO,0,0.2762476775003468,0,Low
3604-WLABM,0,0.2589950333060606,0,Low
1360-XFJMR,0,0.14511709499847758,0,Low
8717-VCTXJ,0,0.02521082166305937,0,Low
5196-SGOAK,1,0.6595471073352975,1,Medium
8739-XNIKG,0,0.7784152283238837,1,High
2320-TZRRH,0,0.04635028128862779,0,Low
5186-SAMNZ,1,0.6559404952964197,1,Medium
5760-FXFVO,0,0.5336629968080683,1,Medium
5380-WJKOV,1,0.6185293144069184,1,Medium
4703-MQYKT,0,0.023793554741219237,0,Low
2001-MCUUW,0,0.13396160172744476,0,Low
4947-DSMXK,0,0.4939721927582302,1,Medium
0076-LVEPS,0,0.11309521819220628,0,Low
5566-SOEZD,0,0.13147545718406012,0,Low
7408-OFWXJ,0,0.009060843620099608,0,Low
1097-FSPVW,0,0.062017675046551556,0,Low
4412-YLTKF,1,0.607615431669519,1,Medium
0420-TXVSG,0,0.012739415289132526,0,Low
7817-BOQPW,1,0.7502140358394517,1,High
0963-ZBDRN,1,0.5150940423939813,1,Medium
9685-WKZGT,1,0.704412933367596,1,High
2139-FQHLM,0,0.36718852404655933,0,Medium
5825-XJOCM,0,0.036190638866471746,0,Low
0004-TLHLJ,1,0.6797931543648074,1,Medium
7529-ZDFXI,0,0.41214385983009955,1,Medium
6848-YLDFR,0,0.036357440930416596,0,Low
5820-PTRYM,0,0.029862410849489266,0,Low
2984-RGEYA,0,0.0019451946136421888,0,Low
6434-TTGJP,0,0.056013864010466416,0,Low
9643-AVVWI,0,0.508456629593903,1,Medium
3506-OVLKD,0,0.030412685552439915,0,Low
4946-EDSEW,1,0.1496442285789057,0,Low
2924-KHUVI,0,0.25847716512785074,0,Low
2263-SFSQZ,0,0.00989821948740275,0,Low
5281-BUZGT,1,0.506063820577985,1,Medium
3717-FDJFU,0,0.03912596438166845,0,Low
2239-CFOUJ,0,0.08789379014583913,0,Low
8699-ASUFO,1,0.6959711497881045,1,Medium
1122-YJBCS,0,0.014878767187169137,0,Low
0628-CNQRM,1,0.07534103774534605,0,Low
1705-GUHPV,0,0.00495046777965699,0,Low
4877-TSOFF,0,0.029450997837090175,0,Low
7404-JLKQG,0,0.45908948163286595,1,Medium
0379-DJQHR,0,0.009763624498571993,0,Low
8993-PHFWD,1,0.536666344157954,1,Medium
3930-ZGWVE,0,0.19447939475163054,0,Low
1965-DDBWU,1,0.5419404924174904,1,Medium
7572-KPVKK,0,0.12269064864979046,0,Low
6854-EXGSF,0,0.28270947926374135,0,Low
9483-GCPWE,0,0.0615963901810967,0,Low
8053-WWDRO,1,0.152136886247729,0,Low
9473-CBZOP,0,0.07635633634444433,0,Low
3985-HOYPM,0,0.036308280003647574,0,Low
8378-LKJAF,0,0.48592210599716495,1,Medium
1310-QRITU,0,0.41813636242001506,1,Medium
3237-AJGEH,1,0.40731372677989325,1,Medium
6542-LWGXJ,0,0.4721531597229386,1,Medium
6953-PBDIN,0,0.012476240584709121,0,Low
6332-FBZRI,0,0.013973997993703916,0,Low
9365-CSLBQ,0,0.002710490573412181,0,Low
3466-WAESX,0,0.3208346472385696,0,Medium
9700-ISPUP,0,0.3062205714641846,0,Medium
5167-ZFFMM,1,0.6850887332283881,1,Medium
7669-LCRSD,0,0.33915575790460645,0,Medium
0870-VEMYL,1,0.1596294807938595,0,Low
2995-UPRYS,1,0.22178831683643704,0,Low
3179-GBRWV,0,0.22359339163400985,0,Low
0701-TJSEF,0,0.23550759038377933,0,Low
1848-LBZHY,0,0.2741926310213092,0,Low
5380-XPJNZ,0,0.020005213693312214,0,Low
6608-QQLVK,1,0.5072305722496045,1,Medium
1475-VWVDO,0,0.652252906441621,1,Medium
3721-CNEYS,1,0.689842902689103,1,Medium
4299-OPXEJ,0,0.006265479997550867,0,Low
0096-BXERS,0,0.4477828931447966,1,Medium
3055-VTCGS,0,0.027026655000420584,0,Low
9405-GPBBG,0,0.08499254564494571,0,Low
6704-UTUKK,0,0.488938765819056,1,Medium
9944-AEXBM,0,0.5018839629649295,1,Medium
2545-EBUPK,0,0.8173336564113617,1,High
6270-OMFIW,1,0.22203647536423438,0,Low
1852-XEMDW,0,0.1526567736862977,0,Low
8158-WPEZG,0,0.4143824912980821,1,Medium
5198-EFNBM,0,0.20808466735355127,0,Low
7663-RGWBC,1,0.44616608178803496,1,Medium
3970-XGJDU,0,0.004565517777399031,0,Low
6845-RGTYS,1,0.3667951698533507,0,Medium
0123-CRBRT,0,0.014379394677662157,0,Low
6077-BDPXA,0,0.6850641947053377,1,Medium
2250-IVBWA,0,0.08647281308731712,0,Low
6137-NICCO,0,0.6212904209311723,1,Medium
8129-GMVGI,0,0.003781252556736481,0,Low
4353-HYOJD,0,0.11587114321869432,0,Low
8671-KKKOS,0,0.12409772295314689,0,Low
8080-DDEMJ,1,0.4620720419368176,1,Medium
6698-OXETB,0,0.03713039354089713,0,Low
3312-UUMZW,0,0.5468231563857983,1,Medium
6376-GAHQE,1,0.6603062421322905,1,Medium
0733-VUNUW,1,0.21127027075880647,0,Low
6733-LRIZX,0,0.19949357351232488,0,Low
2165-VOEGB,1,0.10088059450839154,0,Low
1853-UDXBW,1,0.6621367788396129,1,Medium
9070-BCKQP,0,0.0566092959935065,0,Low
1035-IPQPU,0,0.4718933744568719,1,Medium
2057-ZBLPD,1,0.675941642603332,1,Medium
6967-PEJLL,0,0.06911593468883274,0,Low
7879-CGSFV,0,0.1422832275027814,0,Low
2257-BOVXD,0,0.3402046240259446,0,Medium
9822-BIIGN,0,0.0691428921805645,0,Low
1136-XGEQU,0,0.06568532378738182,0,Low
2439-LYPMQ,0,0.6514292412868955,1,Medium
6543-XRMYR,1,0.678355292839343,1,Medium
5753-QQWPW,0,0.0672321236090157,0,Low
4785-QRJHC,1,0.1106900906110335,0,Low
0052-YNYOT,0,0.007250332898991777,0,Low
7054-LGEQW,1,0.34418166812192197,0,Medium
0608-JDVEC,0,0.008784651835662346,0,Low
6284-KMNUF,0,0.2529339681908017,0,Low
6286-SUUWT,0,0.19387213505942505,0,Low
3594-KADLU,0,0.2872134279715714,0,Low
0536-ACXIP,0,0.10654715059567485,0,Low
8869-TORSS,1,0.02551127071194176,0,Low
0373-AIVNJ,0,0.15329098537809918,0,Low
6429-SHBCB,0,0.3832482371599191,0,Medium
5751-USDBL,0,0.018046953601017015,0,Low
6815-ABQFQ,0,0.2506164984377831,0,Low
9450-TRJUU,0,0.4893995975101909,1,Medium
2805-AUFQN,0,0.01751689885470047,0,Low
7855-DIWPO,0,0.5475701840203915,1,Medium
0174-QRVVY,0,0.0025628501318035813,0,Low
9507-EXLTT,1,0.6733801545424873,1,Medium
8390-FESFV,0,0.02121897471104037,0,Low
0661-KBKPA,0,0.0724676666960422,0,Low
6856-RAURS,0,0.689010920524891,1,Medium
7322-OCWHC,0,0.030300462773759137,0,Low
2203-GHNWN,0,0.5191341687490871,1,Medium
3413-CSSTH,0,0.16712935413725472,0,Low
3006-XIMLN,1,0.7241719679659965,1,High
3750-CKVKH,1,0.7066013106085922,1,High
0576-WNXXC,1,0.6361608138861964,1,Medium
7056-IMHCC,1,0.5436972971040767,1,Medium
0866-QLSIR,1,0.05472023291469868,0,Low
1628-BIZYP,0,0.7148077288458391,1,High
2230-XTUWL,0,0.005468715953998533,0,Low
1980-KXVPM,1,0.6925427064176974,1,Medium
8619-IJNDK,0,0.002934488175874624,0,Low
2960-NKRSO,0,0.39252572509466055,0,Medium
6705-LXORM,0,0.6213383878816243,1,Medium
7130-VTEWQ,1,0.7382346618704436,1,High
9364-YKUVW,0,0.15463029189785846,0,Low
2761-OCIAX,1,0.693630504379053,1,Medium
7996-BPXHY,0,0.04896598294196458,0,Low
4248-QPAVC,1,0.4892432681292731,1,Medium
9357-UJRUN,0,0.12348625699063939,0,Low
6340-DACFT,0,0.004570815708738445,0,Low
1023-BQXZE,0,0.028172515461287635,0,Low
5480-HPRRX,1,0.5732156221089416,1,Medium
9576-SYUHJ,0,0.46643288245324793,1,Medium
2169-RRLFW,0,0.003145302826745292,0,Low
8338-QIUNR,0,0.006735627307344684,0,Low
0463-TXOAK,0,0.005838626311548879,0,Low
4396-KLSEH,0,0.2922017140247457,0,Low
5186-EJEGL,0,0.24770738156340621,0,Low
9334-GWGOW,0,0.753843067714653,1,High
5696-JVVQY,0,0.017999242029400214,0,Low
9633-DENPU,0,0.12285132063147261,0,Low
0581-BXBUB,0,0.5975588573885561,1,Medium
2750-BJLSB,0,0.1847162951961093,0,Low
2770-NSVDG,0,0.3196885223568374,0,Medium
8280-MQRQN,1,0.4251367598714542,1,Medium
7851-FLGGQ,1,0.5015384521956899,1,Medium
9374-YOLBJ,0,0.20992208840322457,0,Low
6583-SZVGP,0,0.160575665141998,0,Low
2150-OEGBV,0,0.032013966298818856,0,Low
9372-TXXPS,0,0.005334973327428476,0,Low
6933-FHBZC,0,0.10688917125517812,0,Low
4698-KVLLG,0,0.006099860895341309,0,Low
8752-STIVR,1,0.7297173266648902,1,High
8623-ULFNQ,0,0.356200749803875,0,Medium
9822-WMWVG,0,0.3212680156078821,0,Medium
4304-TSPVK,0,0.04165264290765341,0,Low
1716-LSAMB,0,0.009046605714458445,0,Low
3523-QRQLL,1,0.15470496960820643,0,Low
2187-PKZAY,0,0.5933476850651715,1,Medium
1895-QTKDO,0,0.330014636473605,0,Medium
8161-QYMTT,0,0.8113525061184423,1,High
2955-PSXOE,1,0.2397940492849119,0,Low
6834-NXDCA,1,0.5225774877928999,1,Medium
8701-DGLVH,0,0.005981113614547979,0,Low
2480-SQIOB,0,0.3504418134713768,0,Medium
4993-JCRGJ,0,0.42308250023263866,1,Medium
0581-MDMPW,0,0.5549570257964128,1,Medium
7789-CRUVC,0,0.14024707116822155,0,Low
0164-APGRB,0,0.07934303812231813,0,Low
8034-RYTVV,0,0.10643337506341326,0,Low
3018-TFTSU,1,0.3193307504897776,0,Medium
9777-IQHWP,0,0.037625021899691725,0,Low
6899-PPEEA,1,0.6627010113445885,1,Medium
6701-YVNQG,0,0.01620378809997935,0,Low
7649-PHJVR,0,0.07023074483315968,0,Low
9278-VZKCD,0,0.4546003909440657,1,Medium
7636-PEPNS,0,0.029223430399572745,0,Low
1575-KRZZE,0,0.26166944895430905,0,Low
8590-OHDIW,0,0.016596171912684234,0,Low
7764-BDPEE,0,0.14704836274626504,0,Low
9480-BQJEI,0,0.11414028608989192,0,Low
3354-OADJP,0,0.07916121898872372,0,Low
3181-MIZBN,0,0.11793583138098503,0,Low
9327-QSDED,0,0.2960705462372924,0,Low
4892-VLANZ,1,0.19432744468321375,0,Low
0298-XACET,0,0.018003291576259052,0,Low
6917-FIJHC,0,0.004632390225495127,0,Low
6557-BZXLQ,0,0.528896509916062,1,Medium
2432-TFSMK,0,0.4328090126100909,1,Medium
4211-MMAZN,1,0.19296394762993033,0,Low
4751-ERMAN,0,0.017773152876207378,0,Low
8430-TWCBX,0,0.01136195812418534,0,Low
1942-OQFRW,0,0.4316164754445815,1,Medium
4075-JFPGR,0,0.15248986348913462,0,Low
3339-EAQNV,0,0.19012079204441848,0,Low
5329-KRDTM,0,0.011974508762014027,0,Low
0307-BCOPK,0,0.05580467562510424,0,Low
6473-ULUHT,0,0.23149544152834495,0,Low
1194-SPVSP,0,0.18342353903634878,0,Low
7249-WBIYX,1,0.7507561879170888,1,High
2293-IJWPS,0,0.25983647999813303,0,Low
4377-VDHYI,0,0.2102753904433489,0,Low
0019-EFAEP,0,0.04752641686362901,0,Low
2480-EJWYP,0,0.24398661235637073,0,Low
8970-ANWXO,0,0.21284640867616555,0,Low
8739-WWKDU,1,0.6516774416882194,1,Medium
2171-UDMFD,0,0.05838728857347852,0,Low
7036-TYDEC,0,0.08373379495237927,0,Low
3831-YCPUO,0,0.029467634146957713,0,Low
0121-SNYRK,0,0.0360849894064578,0,Low
3325-FUYCG,1,0.2625095024654066,0,Low
1952-DVVSW,0,0.07208195579096925,0,Low
3571-DPYUH,0,0.10489699808291197,0,Low
2077-MPJQO,0,0.7539257020066872,1,High
2391-SOORI,1,0.26076457324756097,0,Low
4086-ATNFV,0,0.04565870488184651,0,Low
3396-DKDEL,0,0.04625926376914439,0,Low
7471-MQPOS,0,0.02929901365033078,0,Low
7181-OQCUT,0,0.4891182596519201,1,Medium
3489-VSFRD,0,0.0187169362677021,0,Low
6283-GITPX,0,0.006370950682727795,0,Low
2845-HSJCY,1,0.6868281328898675,1,Medium
7216-KAOID,0,0.013917456782912913,0,Low
6680-WKXRZ,1,0.5810039187117715,1,Medium
2346-LOCWC,0,0.0031302541708135797,0,Low
0769-MURVM,0,0.0077053516823820545,0,Low
3374-LXDEV,1,0.45503981373955704,1,Medium
5318-YKDPV,0,0.02652444229972375,0,Low
8190-ZTQFB,0,0.22159303367356764,0,Low
4512-ZUIYL,1,0.5164174469302346,1,Medium
3090-QFUVD,0,0.1742555708343,0,Low
4806-KEXQR,1,0.7316704771836335,1,High
2369-FEVNO,0,0.25880782413337156,0,Low
9637-CDTKZ,0,0.05204253215808487,0,Low
2954-PIBKO,0,0.007056265460540801,0,Low
2212-LYASK,0,0.1495990721526697,0,Low
9481-SFCQY,0,0.2936301769324668,0,Low
2828-SLQPF,0,0.2621113129665988,0,Low
4647-MUZON,0,0.590479626931518,1,Medium
8212-DJRCH,0,0.49799892719232786,1,Medium
0516-OOHAR,0,0.21181045230177112,0,Low
4973-RLZVI,0,0.039986745906095175,0,Low
8089-UZWLX,0,0.0856951814878196,0,Low
9732-KPKBW,1,0.3316120642391738,0,Medium
9715-WZCLW,0,0.09064523574192353,0,Low
0257-KXZGU,0,0.11917626741750967,0,Low
0707-HOVVN,0,0.01871729508775169,0,Low
5501-TVMGM,0,0.5731369198395335,1,Medium
3422-LYEPQ,1,0.6577821323484515,1,Medium
2277-VWCNI,0,0.42723937933705236,1,Medium
5461-QKNTN,0,0.4420142417771816,1,Medium
3967-KXAPS,0,0.011539485154665984,0,Low
6919-ELBGL,0,0.05007955463920926,0,Low
8361-LTMKD,1,0.7170104565909835,1,High
1131-ALZWV,0,0.04873046528100352,0,Low
5178-LMXOP,1,0.8542800422236791,1,High
8992-CEUEN,0,0.2468454483800662,0,Low
3320-VEOYC,0,0.7941675578355435,1,High
3672-YITQD,1,0.6144826373632336,1,Medium
6080-TCMYC,0,0.4151197837881912,1,Medium
6734-FQAJX,0,0.06979605345081207,0,Low
1063-DHQJF,0,0.03398239724541732,0,Low
3976-NLDEZ,0,0.19190849146337222,0,Low
1729-VLAZJ,0,0.08747083614430895,0,Low
3400-ESFUW,1,0.0053221008660303435,0,Low
5271-YNWVR,1,0.07287446878816668,0,Low
1587-FKLZB,1,0.3456156143342341,0,Medium
0958-YHXGP,0,0.5838782285465243,1,Medium
1494-EJZDW,0,0.031501036204514554,0,Low
1816-FLZDK,0,0.40132753537589116,1,Medium
2075-PUEPR,0,0.0038859167433650376,0,Low
1833-TCXKK,0,0.4607840140281698,1,Medium
1436-ZMJAN,0,0.44731060030454356,1,Medium
0106-UGRDO,0,0.08526284166985636,0,Low
1069-XAIEM,1,0.8184928525557489,1,High
4213-HKBJO,0,0.01653348502207343,0,Low
8345-MVDYC,0,0.01973559861218768,0,Low
2672-OJQZP,0,0.3494566488371412,0,Medium
5136-RGMZO,0,0.26311500730646076,0,Low
5774-QPLTF,0,0.013941120826900463,0,Low
5240-CAOYT,0,0.1288831608028805,0,Low
3707-GNWHM,1,0.7040430704706859,1,High
5159-YFPKQ,1,0.6830687697764191,1,Medium
5052-PNLOS,1,0.7204558905535735,1,High
6173-GOLSU,0,0.3531636380463557,0,Medium
6661-HBGWL,1,0.5065688935806999,1,Medium
8207-VVMYB,0,0.005029369200422052,0,Low
5324-KTGCG,0,0.006420169633972348,0,Low
7354-OIJLX,0,0.7086078476343576,1,High
9286-BHDQG,0,0.0035672327549862576,0,Low
3567-PQTSO,0,0.28975785849823016,0,Low
3197-ARFOY,0,0.42089174625189024,1,Medium
5698-BQJOH,1,0.7298054404219287,1,High
1090-ESELR,0,0.0207601658220341,0,Low
0056-EPFBG,0,0.04987895792357947,0,Low
4955-VCWBI,0,0.013180361688325506,0,Low
4717-GHADL,0,0.04704825500686097,0,Low
0058-EVZWM,0,0.26104032379570696,0,Low
7218-HKQFK,1,0.7203089868157475,1,High
5057-RKGLH,0,0.03275315604580822,0,Low
2309-OSFEU,1,0.543668356901593,1,Medium
3429-IFLEM,0,0.005361169193747545,0,Low
1550-LOAHA,1,0.30572995728461816,0,Medium
1400-MMYXY,1,0.8157033005912484,1,High
7503-QQRVF,1,0.4887169637240774,1,Medium
7504-UWHNB,0,0.41821090052673093,1,Medium
9565-JSNFM,1,0.17933520955116664,0,Low
4735-BJKOU,0,0.009738852583478851,0,Low
3580-GICBM,0,0.006231634029082931,0,Low
7632-YUTXB,0,0.03031222599180009,0,Low
9412-ARGBX,1,0.059648638805865586,0,Low
9576-ANLXO,1,0.6014561721197912,1,Medium
1110-KYLGQ,0,0.19607627818979825,0,Low
8696-JKZNU,1,0.517113525580543,1,Medium
8757-TFHHJ,0,0.31972559263556133,0,Medium
2955-BJZHG,1,0.49934407423293364,1,Medium
9048-JVYVF,1,0.5213216060309792,1,Medium
0682-USIXD,0,0.5209899094463145,1,Medium
3884-UEBXB,0,0.00583372488142895,0,Low
1776-SPBWV,0,0.026826060135601425,0,Low
9050-QLROH,1,0.5997018518240661,1,Medium
2925-VDZHY,0,0.009438122826472021,0,Low
9512-UIBFX,1,0.4798544856641347,1,Medium
8676-TRMJS,1,0.6009317027392075,1,Medium
3334-CTHOL,1,0.48987838955974056,1,Medium
6331-LWDTQ,1,0.5158118941184978,1,Medium
3847-BAERP,0,0.18230750500038412,0,Low
4709-LKHYG,0,0.033744855903291904,0,Low
8621-MNIHH,1,0.5916223433653697,1,Medium
8884-ADFVN,1,0.8216919358498345,1,High
2885-HIJDH,0,0.011804271573319952,0,Low
8570-KLJYJ,0,0.056506607521841896,0,Low
9339-FIIJL,0,0.016235458107767033,0,Low
6223-DHJGV,0,0.02483544206401743,0,Low
0959-WHOKV,0,0.2588975386415239,0,Low
9610-WCESF,0,0.013290101703177489,0,Low
9279-CJEOJ,0,0.6828759501859654,1,Medium
2985-FMWYF,0,0.7341581090269075,1,High
3540-RZJYU,1,0.4544620098283074,1,Medium
2522-WLNSF,0,0.06760082463829929,0,Low
6861-XWTWQ,1,0.8281470288243581,1,High
8735-NBLWT,0,0.11637761725169864,0,Low
1744-JHKYS,0,0.08817245189520319,0,Low
0841-NULXI,1,0.7008727016144366,1,High
4016-BJKTZ,0,0.21235533801586293,0,Low
9298-WGMRW,0,0.053652437607714626,0,Low
7893-IXHRQ,1,0.24475520055971925,0,Low
8785-CJSHH,0,0.44880943776417875,1,Medium
7654-YWJUF,0,0.08690539139910301,0,Low
8909-BOLNL,0,0.0955095914628657,0,Low
9919-FZDED,0,0.024865842869665155,0,Low
0322-CHQRU,1,0.41526157774460076,1,Medium
3587-PMCOY,0,0.48505152441970995,1,Medium
0655-RBDUG,1,0.7423863663560148,1,High
0983-TATYJ,0,0.07065222165061412,0,Low
5650-YLIBA,0,0.5069585458812756,1,Medium
5144-TVGLP,0,0.5808922972152276,1,Medium
3569-EDBPQ,0,0.4044861282116523,1,Medium
4945-RVMTE,0,0.24127600991361867,0,Low
3511-BFTJW,0,0.004912609195677979,0,Low
5537-UXXVS,0,0.08503655555370566,0,Low
8782-NUUOL,0,0.026820457999177923,0,Low
2865-TCHJW,1,0.800599949602445,1,High
9931-KGHOA,0,0.07233098834965554,0,Low
3071-MVJCD,0,0.006196873636136373,0,Low
7279-BUYWN,1,0.5136553296184209,1,Medium
3756-VNWDH,0,0.24954355982590704,0,Low
1395-OFUWC,0,0.0847181258879168,0,Low
4223-BKEOR,0,0.07485703537141837,0,Low
0040-HALCW,0,0.003838639267336223,0,Low
7124-UGSUR,1,0.23845051848048351,0,Low
7395-XWZOY,0,0.2179449339053784,0,Low
5440-VHLUL,0,0.14105963989120485,0,Low
4706-DGAHW,0,0.4615897487691342,1,Medium
8166-ORCHU,0,0.20891886182058048,0,Low
3978-YNKDD,0,0.019022551630581017,0,Low
7198-GLXTC,1,0.6699259168761731,1,Medium
6366-XIVKZ,0,0.2501328804136003,0,Low
5133-POWUA,0,0.43826867549164367,1,Medium
8400-WZICQ,0,0.04012137527791526,0,Low
5382-SOYZL,0,0.7340352148297149,1,High
1989-PRJHP,1,0.6020795524041761,1,Medium
4154-AQUGT,1,0.49590594600836263,1,Medium
0980-FEXWF,0,0.0727738087596122,0,Low
5845-BZZIB,0,0.010145578819498853,0,Low
4840-ORQXB,0,0.42040754807109093,1,Medium
0295-PPHDO,1,0.8315825727044714,1,High
8775-ERLNB,0,0.7248313651516693,1,High
0376-YMCJC,1,0.5761471829692474,1,Medium
7410-YTJIK,1,0.5592112047603552,1,Medium
9927-DSWDF,0,0.4460269866950592,1,Medium
6681-ZSEXG,0,0.0180191859811218,0,Low
5702-KVQRD,0,0.019168496096571296,0,Low
8711-LOBKY,0,0.0034062100527123018,0,Low
9692-TUSXH,1,0.5912786032556415,1,Medium
4012-YCFAI,0,0.00880721129195058,0,Low
8455-HIRAQ,0,0.28956605026390775,0,Low
7853-WNZSY,0,0.24021927708742155,0,Low
0390-DCFDQ,1,0.6680777633946413,1,Medium
6421-SZVEM,0,0.18966980192224317,0,Low
3094-JOJAI,0,0.4838478780787902,1,Medium
4873-ILOLJ,1,0.6547358365562697,1,Medium
8181-YHCMF,0,0.012640468560455809,0,Low
3324-OIRTO,0,0.07597227800125345,0,Low
9135-HSWOC,0,0.003634093806631598,0,Low
2272-WUSPA,0,0.09557847928405994,0,Low
4627-MIHJH,0,0.04712722018791459,0,Low
3896-RCYYE,0,0.09268864844870933,0,Low
6729-GDNGC,0,0.45957990649013425,1,Medium
9945-PSVIP,0,0.022868371649045215,0,Low
4137-JOPHL,0,0.06967183661715001,0,Low
2720-FVBQP,0,0.38829302281400835,0,Medium
7854-EKTJL,1,0.2634820701531124,0,Low
1133-KXCGE,0,0.050567404198894994,0,Low
6048-QBXKL,0,0.4575754480093352,1,Medium
6338-AVWCY,1,0.6055716399591289,1,Medium
0013-MHZWF,0,0.3122566272793802,0,Medium
9804-ICWBG,1,0.7061787168448727,1,High
2368-GAKKQ,0,0.0552239527118439,0,Low
4829-AUOAX,1,0.3814799823112339,0,Medium
7876-BEUTG,0,0.376891219558459,0,Medium
6349-JDHQP,0,0.004839776492629207,0,Low
3063-QFSZL,1,0.5671021875636676,1,Medium
9142-XMYJH,0,0.05553439370888759,0,Low
2609-IAICY,1,0.7499867936450505,1,High
8626-PTQGE,0,0.01551895312355596,0,Low
0230-UBYPQ,0,0.016047572463917,0,Low
6814-ZPWFQ,0,0.017277670219002034,0,Low
5921-NGYRH,0,0.1265530565813825,0,Low
7803-XOCCZ,0,0.10304058583128256,0,Low
1459-QNFQT,0,0.009639543139875065,0,Low
3948-FVVRP,0,0.1582192502880673,0,Low
0923-PNFUB,1,0.6188513353199389,1,Medium
4654-ULTTN,0,0.013428772928493983,0,Low
5628-FCGYG,0,0.6828654552384925,1,Medium
0506-LVNGN,1,0.5977707894835917,1,Medium
4329-YPDDQ,0,0.3715673015675653,0,Medium
9866-OCCKE,0,0.07495512416675011,0,Low
0794-YVSGE,0,0.0016972563287894415,0,Low
4342-HENTK,1,0.7212987097592426,1,High
5934-TSSAU,0,0.3661867085913558,0,Medium
9986-BONCE,1,0.1572756213620542,0,Low
5301-GAUUY,1,0.4008098276436067,1,Medium
0725-CXOTM,0,0.09263210909497957,0,Low
2843-CQMEG,0,0.2128860661161423,0,Low
5600-PDUJF,0,0.2903521090687835,0,Low
4500-HKANN,0,0.037919397267478706,0,Low
1862-QRWPE,0,0.00517837452849033,0,Low
2155-AMQRX,0,0.18497854396080862,0,Low
0823-HSCDJ,1,0.27772600268894393,0,Low
4090-KPJIP,0,0.744824403162294,1,High
2737-YNGYW,1,0.6606349914561225,1,Medium
5619-XZZKR,0,0.09355474931732397,0,Low
6047-YHPVI,1,0.6757236271254372,1,Medium
8375-DKEBR,1,0.7321593074344216,1,High
7729-XBTWX,0,0.0035884596831263892,0,Low
4983-CLMLV,0,0.3225769799622155,0,Medium
9227-LUNBG,1,0.5631613967394095,1,Medium
2758-RNWXS,0,0.20006911138884698,0,Low
7055-HNEOJ,0,0.3273647617262005,0,Medium
7134-MJPDY,0,0.1871622504214057,0,Low
4560-WQAQW,0,0.024237314482094135,0,Low
8532-UEFWH,0,0.006592751992459298,0,Low
8541-QVFKM,0,0.7196062186102973,1,High
7129-ACFOG,0,0.4479872155187101,1,Medium
2495-INZWQ,1,0.724958033813739,1,High
0263-FJTQO,0,0.019825673546090584,0,Low
0181-RITDD,0,0.030879273143560235,0,Low
8241-JUIQO,0,0.006851890803156842,0,Low
0913-XWSCN,0,0.22119196217488554,0,Low
2159-TURXX,0,0.15236266762126938,0,Low
6461-PPAXN,0,0.03440990052195868,0,Low
1452-KIOVK,0,0.4876637864368744,1,Medium
1139-WUOAH,0,0.026775801208962887,0,Low
3207-OYBWH,1,0.3387871821971839,0,Medium
8347-GDTMP,0,0.0029601858286223684,0,Low
9909-DFRJA,0,0.1699966327257341,0,Low
6383-ZTSIW,0,0.17297150215394202,0,Low
5438-QMDDL,0,0.29823990048030463,0,Low
8914-RBTSB,1,0.4976952072873701,1,Medium
6164-HXUGH,0,0.13244798081751694,0,Low
6900-RBKER,0,0.12240886875752137,0,Low
1492-QGCLU,0,0.09862001530663406,0,Low
6664-FPDAC,1,0.28173022734418085,0,Low
1088-AUUZZ,0,0.014612528345241406,0,Low
6651-AZVTJ,1,0.5086748886966422,1,Medium
8219-VYBVI,0,0.01170884458631881,0,Low
0310-MVLET,1,0.3868416638114015,0,Medium
7233-IOQNP,0,0.06295534659661156,0,Low
7311-MQJCH,0,0.117249533240017,0,Low
9256-JTBNZ,0,0.1206423936347251,0,Low
8713-IGZSO,0,0.235316285228983,0,Low
6821-BUXUX,1,0.5946003853268013,1,Medium
9114-DPSIA,0,0.006093058192638172,0,Low
4501-UYKBC,0,0.08660371385072348,0,Low
2798-NYLMZ,0,0.058890300342443073,0,Low
6711-VTNRE,1,0.40661842386120073,1,Medium
5966-EMAZU,0,0.13858460211132673,0,Low
3627-FHKBK,1,0.43575402005229735,1,Medium
7861-UVUFT,1,0.6550392475739122,1,Medium
9824-QCJPK,0,0.023002517518748426,0,Low
7816-VGHTO,0,0.08004628027216097,0,Low
3794-NFNCH,0,0.19778722129524504,0,Low
3877-JRJIP,1,0.6430277559276206,1,Medium
5228-EXCET,1,0.6648081471990082,1,Medium
6248-BSHKG,0,0.005898244987142637,0,Low
8915-NNTRC,0,0.04324818755705832,0,Low
3470-OBUET,0,0.006762682701022834,0,Low
3229-USWAR,0,0.07648944329206474,0,Low
1927-QEWMY,0,0.0020567102355686048,0,Low
6374-AFWOX,0,0.010213070029853721,0,Low
7912-SYRQT,1,0.6363652575537413,1,Medium
2070-FNEXE,1,0.39727000495587333,0,Medium
5803-NQJZO,0,0.007755412580492297,0,Low
5651-YLPRD,0,0.4271564539484808,1,Medium
1271-UODNO,0,0.039183359240584664,0,Low
5014-WUQMG,0,0.14003727277742783,0,Low
5889-JTMUL,1,0.4820705853252401,1,Medium
0788-DXBFY,0,0.013349926310051392,0,Low
2669-QVCRG,0,0.2617215473691449,0,Low
6630-UJZMY,0,0.8115036059668068,1,High
5061-PBXFW,0,0.044399089078462385,0,Low
2700-LUEVA,0,0.17613126683391434,0,Low
3865-ZFZIB,0,0.026072601896311356,0,Low
0471-ARVMX,0,0.25418348557200154,0,Low
8985-OOPOS,0,0.20033472658997026,0,Low
0719-SYFRB,1,0.24065045113178035,0,Low
0447-BEMNG,1,0.1297042813693439,0,Low
5630-AHZIL,0,0.23267859815469327,0,Low
2190-BCXEC,0,0.292577465365953,0,Low
1559-DTODC,0,0.3625810699486293,0,Medium
3244-DCJWY,1,0.7002297522618481,1,High
3967-VQOGC,0,0.004785154765447561,0,Low
0265-PSUAE,0,0.3610976790002197,0,Medium
1622-HSHSF,0,0.2559558774422897,0,Low
9867-XOBQA,0,0.04063355650925443,0,Low
6773-LQTVT,0,0.2351681045623026,0,Low
4332-MUOEZ,0,0.13722826538798716,0,Low
0023-XUOPT,1,0.6130421536487444,1,Medium
6543-CPZMK,1,0.475602609366332,1,Medium
6418-HNFED,0,0.02127424409141636,0,Low
1036-GUDCL,0,0.04773059859005799,0,Low
4818-QIUFN,1,0.5606939744714053,1,Medium
0778-NELLA,1,0.5267038345145842,1,Medium
7495-OOKFY,1,0.6162733741330382,1,Medium
4737-HOBAX,0,0.023373820743789606,0,Low
7919-ZODZZ,0,0.183425721523061,0,Low
2988-PLAHS,0,0.4233184948438548,1,Medium
9067-SQTNS,0,0.01206038049445914,0,Low
6483-OATDN,0,0.22100666153397014,0,Low
5469-CTCWN,1,0.18578199908774265,0,Low
3524-WQDSG,0,0.44770533854647676,1,Medium
6968-URWQU,0,0.08935890256797852,0,Low
8601-QACRS,1,0.46583996653632487,1,Medium
8690-UPCZI,0,0.054944079733228464,0,Low
5331-RGMTT,0,0.4620687405006673,1,Medium
1357-BIJKI,0,0.3519770677142787,0,Medium
2088-IEBAU,0,0.0277449001647388,0,Low
0679-IDSTG,1,0.6921675221123211,1,Medium
6519-ZHPXP,0,0.029767832389497966,0,Low
2101-RANCD,0,0.34774285511000375,0,Medium
4029-HPFVY,0,0.6206180622664618,1,Medium
1015-OWJKI,0,0.19661616119246367,0,Low
8314-HTWVE,0,0.03611360892484468,0,Low
5357-TZHPP,1,0.705029635803319,1,High
8727-XDPUD,0,0.055244365862312184,0,Low
9073-ZZIAY,0,0.012553687685686522,0,Low
5181-OABFK,0,0.009691565564525485,0,Low
3812-LRZIR,0,0.027649844191137137,0,Low
5204-HMGYF,0,0.038052530607895436,0,Low
9950-MTGYX,0,0.018060234971652378,0,Low
3675-EQOZA,0,0.15442214740042232,0,Low
3646-ITDGM,0,0.004286446957571387,0,Low
3913-FCUUW,0,0.006288012418911942,0,Low
